# Host: 172.18.16.207  (Version: 5.5.53)
# Date: 2018-06-07 16:52:19
# Generator: MySQL-Front 5.3  (Build 4.234)

/*!40101 SET NAMES utf8 */;

#
# Structure for table "ats_admin"
#

CREATE TABLE `ats_admin` (
  `Admin_Name` varchar(20) NOT NULL,
  `Admin_Password` varchar(20) NOT NULL DEFAULT '123456',
  `Admin_Type` int(2) NOT NULL DEFAULT '0',
  UNIQUE KEY `Admin_Name` (`Admin_Name`)
) ENGINE=MyISAM DEFAULT CHARSET=utf8 ROW_FORMAT=DYNAMIC;

#
# Data for table "ats_admin"
#

INSERT INTO `ats_admin` VALUES ('jet','123456',0),('李凯','123456',1),('刘伟','123456',1),('张胜','123456',1);

#
# Structure for table "ats_project"
#

CREATE TABLE `ats_project` (
  `Project_Id` int(4) NOT NULL AUTO_INCREMENT,
  `Project_Name` varchar(20) NOT NULL,
  `Project_Unit` varchar(4) NOT NULL DEFAULT '',
  `Project_Great` float(8,2) NOT NULL DEFAULT '0.00',
  `Project_Good` float(8,2) NOT NULL DEFAULT '0.00',
  `Project_Qualified` float(8,2) NOT NULL DEFAULT '0.00',
  PRIMARY KEY (`Project_Id`),
  UNIQUE KEY `Project_Name` (`Project_Name`)
) ENGINE=MyISAM AUTO_INCREMENT=9 DEFAULT CHARSET=utf8 ROW_FORMAT=DYNAMIC;

#
# Data for table "ats_project"
#

INSERT INTO `ats_project` VALUES (1,'轻装5000米','min',19.50,21.00,23.50),(2,'武装5000米','min',25.50,27.00,28.00),(3,'100米','s',12.00,13.02,14.03),(4,'400米障碍新式','min',3.00,3.50,4.00),(5,'400米障碍老式','min',2.00,2.25,2.50),(6,'单杠一练习','个',16.00,12.00,8.00),(7,'单杠二练习','个',12.00,8.00,5.00),(8,'手榴弹投掷','米',40.00,35.00,30.00);

#
# Structure for table "ats_project_1"
#

CREATE TABLE `ats_project_1` (
  `User_Id` int(8) NOT NULL DEFAULT '0',
  `Train_Date` date NOT NULL DEFAULT '0000-00-00',
  `Train_Score` float(8,2) DEFAULT NULL,
  PRIMARY KEY (`User_Id`,`Train_Date`)
) ENGINE=MyISAM DEFAULT CHARSET=utf8;

#
# Data for table "ats_project_1"
#

INSERT INTO `ats_project_1` VALUES (1001,'2018-05-01',17.00),(1001,'2018-05-02',17.00),(1001,'2018-05-03',19.00),(1001,'2018-06-06',17.00),(1001,'2018-06-07',19.00),(1002,'2018-05-01',19.00),(1002,'2018-05-02',18.00),(1002,'2018-05-03',17.00),(1002,'2018-06-06',23.00),(1002,'2018-06-08',23.00),(1003,'2018-05-01',21.50),(1003,'2018-05-02',19.00),(1003,'2018-05-03',19.00),(1003,'2018-06-09',22.00),(1003,'2018-07-07',20.00),(1004,'2018-05-01',22.50),(1004,'2018-05-02',20.00),(1004,'2018-05-03',17.00),(1004,'2018-07-08',21.00),(1005,'2018-05-01',18.50),(1005,'2018-05-02',21.00),(1005,'2018-05-03',21.00),(1005,'2018-07-09',22.00),(1006,'2018-05-01',16.50),(1006,'2018-05-02',22.00),(1006,'2018-05-03',22.00),(1007,'2018-05-01',23.50),(1007,'2018-05-02',22.00),(1007,'2018-05-03',23.00),(1008,'2018-05-01',21.15),(1008,'2018-05-02',24.00),(1008,'2018-05-03',25.00),(1009,'2018-05-01',25.00),(1009,'2018-05-02',25.00),(1009,'2018-05-03',26.00),(1010,'2018-05-01',24.00),(1010,'2018-05-02',16.00),(1010,'2018-05-03',17.00),(1011,'2018-05-01',19.00),(1011,'2018-05-02',28.00),(1011,'2018-05-03',27.00),(1012,'2018-05-01',22.50),(1012,'2018-05-02',18.00),(1012,'2018-05-03',19.00),(1013,'2018-05-01',16.50),(1013,'2018-05-02',21.00),(1013,'2018-05-03',20.00),(1014,'2018-05-01',17.80),(1014,'2018-05-02',24.00),(1014,'2018-05-03',25.00),(1015,'2018-05-01',19.00),(1015,'2018-05-02',26.00),(1015,'2018-05-03',25.00),(1016,'2018-05-01',21.00),(1016,'2018-05-02',17.00),(1016,'2018-05-03',15.00),(1017,'2018-05-01',18.00),(1017,'2018-05-02',29.00),(1017,'2018-05-03',25.00),(1018,'2018-05-01',20.00),(1018,'2018-05-02',17.50),(1018,'2018-05-03',19.50),(1019,'2018-05-01',20.50),(1019,'2018-05-02',27.00),(1019,'2018-05-03',24.00),(1020,'2018-05-01',25.00),(1020,'2018-05-02',25.00),(1020,'2018-05-03',26.00),(1021,'2018-05-01',26.00),(1021,'2018-05-02',24.00),(1021,'2018-05-03',20.00);

#
# Structure for table "ats_project_2"
#

CREATE TABLE `ats_project_2` (
  `User_Id` int(8) NOT NULL DEFAULT '0',
  `Train_Date` date NOT NULL DEFAULT '0000-00-00',
  `Train_Score` float(8,2) DEFAULT NULL,
  PRIMARY KEY (`User_Id`,`Train_Date`)
) ENGINE=MyISAM DEFAULT CHARSET=utf8;

#
# Data for table "ats_project_2"
#

INSERT INTO `ats_project_2` VALUES (1001,'2018-05-01',26.00),(1002,'2018-05-01',25.00),(1003,'2018-05-01',27.00),(1004,'2018-05-01',28.00),(1005,'2018-05-01',27.50),(1006,'2018-05-01',24.50),(1007,'2018-05-01',25.50),(1008,'2018-05-01',26.50),(1009,'2018-05-01',29.00),(1010,'2018-05-01',25.00),(1011,'2018-05-01',27.50),(1012,'2018-05-01',31.00),(1013,'2018-05-01',25.00),(1014,'2018-05-01',24.00),(1015,'2018-05-01',26.00),(1016,'2018-05-01',31.00),(1017,'2018-05-01',32.00),(1018,'2018-05-01',32.00),(1019,'2018-05-01',26.00),(1020,'2018-05-01',23.00),(1021,'2018-05-01',25.50);

#
# Structure for table "ats_project_3"
#

CREATE TABLE `ats_project_3` (
  `User_Id` int(8) NOT NULL DEFAULT '0',
  `Train_Date` date NOT NULL DEFAULT '0000-00-00',
  `Train_Score` float(8,2) DEFAULT NULL,
  PRIMARY KEY (`User_Id`,`Train_Date`)
) ENGINE=MyISAM DEFAULT CHARSET=utf8;

#
# Data for table "ats_project_3"
#

INSERT INTO `ats_project_3` VALUES (1001,'2018-05-01',13.00),(1002,'2018-05-01',12.50),(1003,'2018-05-01',11.00),(1004,'2018-05-01',10.00),(1005,'2018-05-01',15.50),(1006,'2018-05-01',16.00),(1007,'2018-05-01',13.00),(1008,'2018-05-01',14.00),(1009,'2018-05-01',10.00),(1010,'2018-05-01',12.50),(1011,'2018-05-01',11.00),(1012,'2018-05-01',12.50),(1013,'2018-05-01',12.00),(1014,'2018-05-01',10.00),(1015,'2018-05-01',13.50),(1016,'2018-05-01',14.00),(1017,'2018-05-01',11.40),(1018,'2018-05-01',11.00),(1019,'2018-05-01',10.00),(1020,'2018-05-01',13.50),(1021,'2018-05-01',15.50);

#
# Structure for table "ats_project_4"
#

CREATE TABLE `ats_project_4` (
  `User_Id` int(8) NOT NULL DEFAULT '0',
  `Train_Date` date NOT NULL DEFAULT '0000-00-00',
  `Train_Score` float(8,2) DEFAULT NULL,
  PRIMARY KEY (`User_Id`,`Train_Date`)
) ENGINE=MyISAM DEFAULT CHARSET=utf8;

#
# Data for table "ats_project_4"
#

INSERT INTO `ats_project_4` VALUES (1000,'2018-05-01',3.70),(1002,'2018-05-01',3.50),(1003,'2018-05-01',3.60),(1004,'2018-05-01',3.15),(1005,'2018-05-01',5.50),(1006,'2018-05-01',4.00),(1007,'2018-05-01',4.50),(1008,'2018-05-01',5.50),(1009,'2018-05-01',2.50),(1011,'2018-05-01',3.60),(1012,'2018-05-01',4.80),(1013,'2018-05-01',4.50),(1014,'2018-05-01',5.00),(1015,'2018-05-01',4.00),(1016,'2018-05-01',2.30),(1017,'2018-05-01',3.50),(1018,'2018-05-01',3.80),(1019,'2018-05-01',4.80),(1020,'2018-05-01',5.40),(1021,'2018-05-01',6.00);

#
# Structure for table "ats_project_5"
#

CREATE TABLE `ats_project_5` (
  `User_Id` int(8) NOT NULL DEFAULT '0',
  `Train_Date` date NOT NULL DEFAULT '0000-00-00',
  `Train_Score` float(8,2) DEFAULT NULL,
  PRIMARY KEY (`User_Id`,`Train_Date`)
) ENGINE=MyISAM DEFAULT CHARSET=utf8;

#
# Data for table "ats_project_5"
#


#
# Structure for table "ats_project_6"
#

CREATE TABLE `ats_project_6` (
  `User_Id` int(8) NOT NULL DEFAULT '0',
  `Train_Date` date NOT NULL DEFAULT '0000-00-00',
  `Train_Score` float(8,2) DEFAULT NULL,
  PRIMARY KEY (`User_Id`,`Train_Date`)
) ENGINE=MyISAM DEFAULT CHARSET=utf8;

#
# Data for table "ats_project_6"
#


#
# Structure for table "ats_project_7"
#

CREATE TABLE `ats_project_7` (
  `User_Id` int(8) NOT NULL DEFAULT '0',
  `Train_Date` date NOT NULL DEFAULT '0000-00-00',
  `Train_Score` float(8,2) DEFAULT NULL,
  PRIMARY KEY (`User_Id`,`Train_Date`)
) ENGINE=MyISAM DEFAULT CHARSET=utf8;

#
# Data for table "ats_project_7"
#


#
# Structure for table "ats_project_8"
#

CREATE TABLE `ats_project_8` (
  `User_Id` int(8) NOT NULL DEFAULT '0',
  `Train_Date` date NOT NULL DEFAULT '0000-00-00',
  `Train_Score` float(8,2) DEFAULT NULL,
  PRIMARY KEY (`User_Id`,`Train_Date`)
) ENGINE=MyISAM DEFAULT CHARSET=utf8;

#
# Data for table "ats_project_8"
#


#
# Structure for table "ats_resource"
#

CREATE TABLE `ats_resource` (
  `Resource_Id` int(4) NOT NULL AUTO_INCREMENT,
  `Resource_Name` varchar(20) NOT NULL DEFAULT '',
  `Resource_Type` int(1) NOT NULL DEFAULT '0',
  `Upload_Date` date DEFAULT NULL,
  `Admin_Name` varchar(20) NOT NULL DEFAULT '0' COMMENT '上传者',
  `Resource_Download` int(4) NOT NULL DEFAULT '0' COMMENT '下载量',
  `Resource_Address` varchar(255) DEFAULT NULL COMMENT '文件名称',
  `Resource_About` varchar(10000) DEFAULT NULL COMMENT '资源说明',
  PRIMARY KEY (`Resource_Id`)
) ENGINE=MyISAM AUTO_INCREMENT=9 DEFAULT CHARSET=utf8;

#
# Data for table "ats_resource"
#

INSERT INTO `ats_resource` VALUES (1,'骨折应急处理',1,'2018-06-06','jet',2,'骨折应急处理.txt','1．骨折固定的注意事项 对于骨折伤员，应首先用毛巾或衣服作为衬垫，然后就地取用木棍、木板、竹笆片等材料做成临时夹板，将受伤的肢体固定，然后将伤员抬送医院做进一步治疗。对受挤压的肢体，不得按摩、热敷或绑止血带，以免加重伤情。 2．骨折固定的方法(1)上臂骨折 在患者侧腋窝内垫上棉垫或毛巾，在上臂外侧安放衬好的'),(2,'常见外伤处理',1,'2018-06-06','jet',0,'常见外伤处理方法.pdf','及时和合理的处理方法，往往能减少很多不必要的痛苦。清洁很重要\r\n如果伤口不在脸上等部位，建议使用医用棉签，沾上红药水，轻柔擦洗创面，可以多擦几遍。\r\n擦洗的过程中要胆大心细。（要知道，大多数伤口之所以包扎好还继续疼痛，多是因为第一步没有处理干净，导致了后来不同程度的感染）\r\n如果伤口比较脏（比如有泥土或其它异物），可以先使用大量自来水冲洗，冲洗干净后再进行上面的步骤。\r\n可以使用加快愈合的药物\r\n比如云南白药。\r\n用法是，如果确定伤口清洁干净了，撒上云南白药粉，数量是，至填满伤口，至少让伤口处与周围皮肤持平。\r\n注意，如果伤口没有处理干净，最好不要上云南白药。因为云南白药的封口效果很快，没处理干净的伤口，如果封口，有可能会导致感染。\r\n最后一步：包扎\r\n建议耐心点，使用医用纱布和胶条，因为纱布透气性比“创可帖”好，伤口能愈合的更快。要注意的是，不要包的太紧，想象一下，好比给伤口盖了一层棉被就行。\r\n各种外伤，常常引起皮肤和软组织的损伤，严重时甚至断肢。伤口处理正确， 能使其迅速愈合；反之，可能化脓感染，经久不愈，甚至因并发全身感染、气性坏疽、 破伤风等危及生命。因此，对于创伤的伤口，一定要进行严格认真的处理。\r\n人体一旦遭受创伤，如果处理伤口不及时，便容易使伤口感染。\r\n处理伤口的原则为：\r\n1．止血：可根据具体情况及时止血。\r\n2．包扎：伤口包扎得当，可使其少出血，少化脓，少痛苦。扎时要做到快、准、 轻、牢，快，动作迅速敏捷；准，部位准确、严密；轻，动作要轻，不碰伤口；牢，包扎牢靠，松紧适当。\r\n具体步骤是：\r\n(1)先用碘酒后用酒精消毒， 沿着伤口的边缘由里向外擦，不要把碘酒、酒精涂入伤口内。伤口内如有异物，要慎重处理，大而易取的，可取出；深而小不易取出的不要勉强取，以免把细菌带入伤口或增加出血。\r\n(2)小伤口可以在其浅表涂一点红汞(红药水)或紫药水，较大伤口则不宜涂上述药水，以免给下步处理增加困难．伤口上用消毒纱布或敷料覆盖， 并用绷带(或三角巾)包扎。遇有肠或组织膨出时，应用干净饭碗，纱布圈套扣住膨出物再包扎，以防挤压损伤组织。\r\n(3)在处理较大的创伤伤口时，必须进行详细检查，不能只顾伤口表面而忽略内在损伤，头部伤口合并颅脑外伤者，伤员一般都有神志异常，两侧瞳孔不一般大；胸部伤口合并有脑膜、肺腔损伤时，伤员一般都有呼吸困难；腹部伤口合并脏器损伤时，伤员一般都有腹肌紧张、腹痛等表现；肢体伤口合并骨折时，会有肢体活动障碍，骨异常活动等现象。\r\n下面谈一下大创伤断肢的处理，遇到断肢或断手指时，既要保护好创面，更要将断肢冷藏好，及时地送到医院，尽量为断肢再植成功创造条件。\r\n正确的作法是：用消毒过的纱布(或干净纱布)将断肢、断指包好，放进无漏洞的塑料或橡皮口袋中，紧扎袋口，周围再敷以冰块冷冻。\r\n千万不要在断肢上面涂擦消毒液或把断肢浸夜酒精或其他消毒液中，这样做使组织细胞凝固、变质，失去再植的机会，结果事与愿违。\r\n将断肢、指泡在各种高渗或低渗的溶液中同样也是错误的，前者使细胞瘪缩，后者使细胞破裂。因此 2ef ，我们一定要冷静地按着上述正确的方法，将断肢冷藏好，并以最决的速度送往医院。'),(3,'投弹骨折的分类',2,'2018-06-06','jet',1,'投弹骨折的分类.jpg','投弹引起的骨折介绍'),(4,'安全防治宣传',2,'2018-06-06','jet',0,'安全防治宣传.jpg','安全防治宣传'),(5,'全军运动医学专家，防治训练伤下基层',3,'2018-06-06','jet',0,'全军运动医学专家 防治训练伤下基层_标清.avi',''),(6,'体能训练方法',3,'2018-06-06','jet',0,'体能训练 MMA核心训练方法 心肺锻炼_标清.avi','体能训练方法，心肺锻炼'),(7,'全军运动医学专家，防治训练伤下基层',3,'2018-06-06','jet',1,'全军运动医学专家 防治训练伤下基层_标清.mp4',''),(8,'体能训练方法',3,'2018-06-06','jet',0,'体能训练 MMA核心训练方法 心肺锻炼_标清.mp4','体能训练方法，心肺锻炼。');

#
# Structure for table "ats_user"
#

CREATE TABLE `ats_user` (
  `User_Id` int(8) NOT NULL,
  `User_Name` varchar(20) NOT NULL,
  `User_Password` varchar(20) NOT NULL DEFAULT '111111',
  `Brigade` int(2) NOT NULL,
  `Battalion` int(2) NOT NULL,
  `Continuous` int(2) NOT NULL,
  `Platoon` int(2) NOT NULL,
  `Monitor` int(2) NOT NULL,
  `Warrior` int(2) NOT NULL DEFAULT '0',
  `Officer` int(2) NOT NULL,
  PRIMARY KEY (`User_Id`)
) ENGINE=MyISAM DEFAULT CHARSET=utf8;

#
# Data for table "ats_user"
#

INSERT INTO `ats_user` VALUES (1001,'关羽','111111',1,0,0,0,0,0,1),(1002,'大乔','111111',2,2,0,0,0,0,2),(1003,'小乔','111111',1,2,1,0,0,0,3),(1004,'刘备','111111',1,2,1,2,0,0,4),(1005,'吕布','111111',1,2,1,2,1,0,5),(1006,'张飞','111111',1,2,3,0,0,0,3),(1007,'周瑜','111111',1,2,2,3,1,0,0),(1008,'吕蒙','111111',1,3,1,2,2,0,5),(1009,'庞统','111111',1,2,2,3,2,0,0),(1010,'曹操','111111',1,1,2,1,2,0,0),(1012,'黄忠','111111',1,2,1,2,3,0,5),(1013,'貂蝉','111111',1,2,3,1,2,0,0),(1014,'黄盖','111111',1,2,2,1,3,0,5),(1015,'孟获','111111',1,3,1,2,1,0,0),(1016,'郭嘉','111111',1,2,2,3,2,0,0),(1017,'司马懿','111111',1,3,2,1,0,0,4),(1018,'司马炎','111111',1,2,3,3,2,0,0),(1019,'司马昭','111111',1,2,3,1,2,0,0),(1020,'魏延','111111',1,2,3,1,3,0,5),(1021,'许攸','111111',1,1,1,1,2,0,5),(1022,'许褚','111111',1,2,3,1,3,0,0),(1023,'马超','111111',1,3,1,2,2,0,5),(1024,'吕蒙','111111',1,3,3,0,0,0,3),(1025,'张辽','111111',2,2,3,3,1,0,0);
